{"cameraMode":{"drawMode":0,"name":"Shaded","section":"Shading Mode"},"sceneLighting":false,"audioPlay":false,"sceneViewState":{"showFog":true,"showMaterialUpdate":false,"showSkybox":false,"showFlares":true,"showImageEffects":true,"showParticleSystems":true},"in2DMode":false,"pivot":{"x":0.7376644611358643,"y":0.4749622344970703,"z":2.7865498065948488},"rotation":{"x":0.20047779381275178,"y":0.364421546459198,"z":-0.08065274357795716,"w":0.9058214426040649},"size":1.5215630531311036,"orthographic":false}